"","tb2.Sample_Name.i.","TP","FP","FN","P","R","F1","tb2.type.i.","tb2.Accession.i.","rpm_type","platform"
"1","NC",0,927,0,0,NA,NA,"DNA","HRR1209919","kmer","RpNGS"
"2","NC",0,133,0,0,NA,NA,"RNA","HRR1209920","kmer","RpNGS"
"3","S1",8,417,2,0.0188235294117647,0.8,0.0367816091954023,"DNA","HRR1209921","kmer","RpNGS"
"4","S1",5,99,0,0.0480769230769231,1,0.0917431192660551,"RNA","HRR1209922","kmer","RpNGS"
"5","S10",5,1794,0,0.00277932184546971,1,0.00554323725055432,"DNA","HRR1209923","kmer","RpNGS"
"6","S10",1,158,0,0.00628930817610063,1,0.0125,"RNA","HRR1209924","kmer","RpNGS"
"7","S11",6,1008,1,0.00591715976331361,0.857142857142857,0.0117531831537708,"DNA","HRR1209925","kmer","RpNGS"
"8","S11",0,129,0,0,NA,NA,"RNA","HRR1209926","kmer","RpNGS"
"9","S12",5,1096,2,0.00454132606721163,0.714285714285714,0.00902527075812274,"DNA","HRR1209927","kmer","RpNGS"
"10","S12",0,73,0,0,NA,NA,"RNA","HRR1209928","kmer","RpNGS"
"11","S13",0,702,0,0,NA,NA,"DNA","HRR1209929","kmer","RpNGS"
"12","S13",0,63,0,0,NA,NA,"RNA","HRR1209930","kmer","RpNGS"
"13","S2",8,518,2,0.0152091254752852,0.8,0.0298507462686567,"DNA","HRR1209931","kmer","RpNGS"
"14","S2",5,108,0,0.0442477876106195,1,0.0847457627118644,"RNA","HRR1209932","kmer","RpNGS"
"15","S3",2,625,2,0.00318979266347687,0.5,0.0063391442155309,"DNA","HRR1209933","kmer","RpNGS"
"16","S3",4,114,0,0.0338983050847458,1,0.0655737704918033,"RNA","HRR1209934","kmer","RpNGS"
"17","S4",2,360,2,0.00552486187845304,0.5,0.0109289617486339,"DNA","HRR1209935","kmer","RpNGS"
"18","S4",4,66,0,0.0571428571428571,1,0.108108108108108,"RNA","HRR1209936","kmer","RpNGS"
"19","S5",3,861,1,0.00347222222222222,0.75,0.00691244239631336,"DNA","HRR1209937","kmer","RpNGS"
"20","S5",4,92,0,0.0416666666666667,1,0.08,"RNA","HRR1209938","kmer","RpNGS"
"21","S6",2,1154,2,0.00173010380622837,0.5,0.00344827586206897,"DNA","HRR1209939","kmer","RpNGS"
"22","S6",4,421,0,0.00941176470588235,1,0.0186480186480186,"RNA","HRR1209940","kmer","RpNGS"
"23","S7",3,780,1,0.00383141762452107,0.75,0.00762388818297332,"DNA","HRR1209941","kmer","RpNGS"
"24","S7",4,48,0,0.0769230769230769,1,0.142857142857143,"RNA","HRR1209942","kmer","RpNGS"
"25","S8",3,507,1,0.00588235294117647,0.75,0.0116731517509728,"DNA","HRR1209943","kmer","RpNGS"
"26","S8",3,310,1,0.00958466453674121,0.75,0.0189274447949527,"RNA","HRR1209944","kmer","RpNGS"
"27","S9",5,463,1,0.0106837606837607,0.833333333333333,0.0210970464135021,"DNA","HRR1209945","kmer","RpNGS"
"28","S9",1,138,0,0.00719424460431655,1,0.0142857142857143,"RNA","HRR1209946","kmer","RpNGS"
"29","NC",0,5651,0,0,NA,NA,"DNA","HRR1209919","NT","IDseq"
"30","NC",0,14502,0,0,NA,NA,"DNA","HRR1209919","NR","IDseq"
"31","NC",0,1916,0,0,NA,NA,"RNA","HRR1209920","NT","IDseq"
"32","NC",0,3094,0,0,NA,NA,"RNA","HRR1209920","NR","IDseq"
"33","S1",8,2422,2,0.00329218106995885,0.8,0.00655737704918033,"DNA","HRR1209921","NT","IDseq"
"34","S1",8,5134,2,0.00155581485803189,0.8,0.0031055900621118,"DNA","HRR1209921","NR","IDseq"
"35","S1",5,817,0,0.00608272506082725,1,0.0120918984280532,"RNA","HRR1209922","NT","IDseq"
"36","S1",5,1419,0,0.00351123595505618,1,0.00699790062981106,"RNA","HRR1209922","NR","IDseq"
"37","S10",5,6590,0,0.000758150113722517,1,0.00151515151515152,"DNA","HRR1209923","NT","IDseq"
"38","S10",5,17557,0,0.000284705614394716,1,0.000569249160357489,"DNA","HRR1209923","NR","IDseq"
"39","S10",1,1891,0,0.000528541226215645,1,0.00105652403592182,"RNA","HRR1209924","NT","IDseq"
"40","S10",1,3513,0,0.000284575981787137,1,0.000568990042674253,"RNA","HRR1209924","NR","IDseq"
"41","S11",7,5555,0,0.00125854009349155,1,0.00251391632249955,"DNA","HRR1209925","NT","IDseq"
"42","S11",7,14154,0,0.000494315373208107,1,0.000988142292490119,"DNA","HRR1209925","NR","IDseq"
"43","S11",0,1268,0,0,NA,NA,"RNA","HRR1209926","NT","IDseq"
"44","S11",0,2131,0,0,NA,NA,"RNA","HRR1209926","NR","IDseq"
"45","S12",7,6082,0,0.00114961405813763,1,0.00229658792650919,"DNA","HRR1209927","NT","IDseq"
"46","S12",7,15745,0,0.000444388014220416,1,0.000888381242464623,"DNA","HRR1209927","NR","IDseq"
"47","S12",0,1037,0,0,NA,NA,"RNA","HRR1209928","NT","IDseq"
"48","S12",0,1869,0,0,NA,NA,"RNA","HRR1209928","NR","IDseq"
"49","S13",0,4904,0,0,NA,NA,"DNA","HRR1209929","NT","IDseq"
"50","S13",0,12281,0,0,NA,NA,"DNA","HRR1209929","NR","IDseq"
"51","S13",0,961,0,0,NA,NA,"RNA","HRR1209930","NT","IDseq"
"52","S13",0,1542,0,0,NA,NA,"RNA","HRR1209930","NR","IDseq"
"53","S2",8,2249,2,0.00354452813469207,0.8,0.0070577856197618,"DNA","HRR1209931","NT","IDseq"
"54","S2",8,4843,2,0.00164914450628736,0.8,0.00329150380580128,"DNA","HRR1209931","NR","IDseq"
"55","S2",5,1083,0,0.00459558823529412,1,0.00914913083257091,"RNA","HRR1209932","NT","IDseq"
"56","S2",5,1947,0,0.00256147540983607,1,0.00510986203372509,"RNA","HRR1209932","NR","IDseq"
"57","S3",3,4411,1,0.000679655641141822,0.75,0.00135808057944771,"DNA","HRR1209933","NT","IDseq"
"58","S3",3,10710,1,0.000280033604032484,0.75,0.000559858169263787,"DNA","HRR1209933","NR","IDseq"
"59","S3",4,1283,0,0.00310800310800311,1,0.00619674670797831,"RNA","HRR1209934","NT","IDseq"
"60","S3",4,2236,0,0.00178571428571429,1,0.0035650623885918,"RNA","HRR1209934","NR","IDseq"
"61","S4",3,3702,1,0.000809716599190283,0.75,0.00161768670800755,"DNA","HRR1209935","NT","IDseq"
"62","S4",3,8649,1,0.000346740638002774,0.75,0.000693160813308688,"DNA","HRR1209935","NR","IDseq"
"63","S4",4,637,0,0.0062402496099844,1,0.0124031007751938,"RNA","HRR1209936","NT","IDseq"
"64","S4",4,993,0,0.00401203610832497,1,0.00799200799200799,"RNA","HRR1209936","NR","IDseq"
"65","S5",3,2641,1,0.00113464447806354,0.75,0.00226586102719033,"DNA","HRR1209937","NT","IDseq"
"66","S5",3,5519,1,0.000543281419775444,0.75,0.001085776330076,"DNA","HRR1209937","NR","IDseq"
"67","S5",4,897,0,0.00443951165371809,1,0.00883977900552486,"RNA","HRR1209938","NT","IDseq"
"68","S5",4,1585,0,0.00251730648206419,1,0.00502197112366604,"RNA","HRR1209938","NR","IDseq"
"69","S6",3,5786,1,0.000518224218345137,0.75,0.00103573278094252,"DNA","HRR1209939","NT","IDseq"
"70","S6",3,15190,1,0.000197459356282499,0.75,0.000394814766072251,"DNA","HRR1209939","NR","IDseq"
"71","S6",4,3300,0,0.00121065375302663,1,0.00241837968561064,"RNA","HRR1209940","NT","IDseq"
"72","S6",4,6173,0,0.000647563542172576,1,0.00129428895000809,"RNA","HRR1209940","NR","IDseq"
"73","S7",3,4535,1,0.000661084178052005,0.75,0.00132100396301189,"DNA","HRR1209941","NT","IDseq"
"74","S7",3,11072,1,0.000270880361173815,0.75,0.000541565123206066,"DNA","HRR1209941","NR","IDseq"
"75","S7",4,339,0,0.0116618075801749,1,0.0230547550432277,"RNA","HRR1209942","NT","IDseq"
"76","S7",4,477,0,0.00831600831600832,1,0.0164948453608247,"RNA","HRR1209942","NR","IDseq"
"77","S8",3,4873,1,0.000615258408531583,0.75,0.00122950819672131,"DNA","HRR1209943","NT","IDseq"
"78","S8",3,10875,1,0.000275785990071704,0.75,0.000551369233596765,"DNA","HRR1209943","NR","IDseq"
"79","S8",3,3111,1,0.000963391136801541,0.75,0.00192431045542014,"RNA","HRR1209944","NT","IDseq"
"80","S8",3,6014,1,0.000498587335881669,0.75,0.000996512207274539,"RNA","HRR1209944","NR","IDseq"
"81","S9",6,4147,0,0.00144473874307729,1,0.00288530896850204,"DNA","HRR1209945","NT","IDseq"
"82","S9",6,9384,0,0.000638977635782748,1,0.00127713920817369,"DNA","HRR1209945","NR","IDseq"
"83","S9",1,1542,0,0.000648088139987038,1,0.00129533678756477,"RNA","HRR1209946","NT","IDseq"
"84","S9",1,2644,0,0.000378071833648393,1,0.000755857898715042,"RNA","HRR1209946","NR","IDseq"
